<?xml version="1.0"?>
<opencv_storage>
<CameraMatrix type_id="opencv-matrix">
	<rows>3</rows>
	<cols>4</cols>
	<dt>d</dt>
	<data>
		1. 0. 0. 2.2225.
		0. 1. 0. 0.00635.
		0. 0. 1. 1.0414.</data></CameraMatrix>
<Intrinsics type_id="opencv-matrix">
	<rows>3</rows>
	<cols>3</cols>
	<dt>d</dt>
	<data>
		3.1775e+03. 23.1933. 3.023e+03.
		0. 3.1681e+03. 1.4845e+03.
		0. 0. 1.</data></Intrinsics>
<Distortion type_id="opencv-matrix">
  <rows>8</rows>
  <cols>1</cols>
  <dt>d</dt>
  <data>
    1. 1.
    1. 1.
    1. 1.
    1. 1.</data></Distortion>
</opencv_storage>